ID,State ,Site,Treatment,Ex/Cont Number,Date,Year,SolarDay,Period,Orthoptera,Hemiptera,Lepidoptera,Diptera,Hymenoptera,Coleoptera,Thysanoptera,Amphipoda,Snail,Isopoda,Spider,Pseudoscorpionida,Unknown,Total,Notes
286,ME,Asparagus,Control,1,5/28/2014,2014,158,1,0,2,0,0,0,0,0,0,0,0,0,0,0,2,
287,ME,Asparagus,Control,2,5/28/2014,2014,158,1,0,0,0,0,1,0,0,0,0,0,1,0,0,2,
288,ME,Asparagus,Control,3,5/28/2014,2014,158,1,0,0,0,0,0,0,0,0,0,0,1,0,0,1,
291,ME,Asparagus,Control,3,5/28/2014,2014,158,1,0,2,0,0,0,0,0,0,0,0,0,0,0,2,
292,ME,Bunny,Control,3,5/28/2014,2014,158,1,0,0,0,0,0,0,0,1,0,1,1,0,0,3,
293,ME,Asparagus,Control,1,5/28/2014,2014,158,1,0,0,0,0,0,0,0,0,0,0,1,0,0,1,
294,ME,Asparagus,Control,2,5/28/2014,2014,158,1,0,0,0,1,0,1,0,0,0,0,0,0,0,2,
295,ME,Bunny,Control,3,5/28/2014,2014,158,1,0,3,0,0,0,1,0,0,0,0,1,0,0,5,
307,ME,Bunny,Control,1,5/28/2014,2014,158,1,0,0,0,0,0,1,0,0,1,0,0,0,0,2,
308,ME,Bunny,Control,2,5/28/2014,2014,158,1,0,5,0,0,0,0,0,0,0,0,0,0,0,5,
314,ME,Bunny,Control,1,5/28/2014,2014,158,1,0,0,0,0,0,0,0,0,3,1,1,0,0,5,
315,ME,Bunny,Control,2,5/28/2014,2014,158,1,0,0,0,0,0,0,0,0,0,1,1,0,0,2,
298,ME,Rachel Carson,Control,3,6/6/2014,2014,167,1,0,50,0,0,2,0,0,0,6,1,5,0,0,64,
299,NH,Chapman,Control,3,6/6/2014,2014,167,1,0,1,0,0,0,0,0,0,0,0,7,0,0,8,
301,NH,Chapman,Control,3,6/6/2014,2014,167,1,0,4,0,0,1,0,0,0,2,3,2,0,1,13,
302,ME,Rachel Carson,Control,3,6/6/2014,2014,167,1,1,221,0,2,0,0,0,0,3,18,18,0,1,264,
320,NH,Chapman,Control,1,6/6/2014,2014,167,1,0,0,0,0,0,0,0,0,1,0,6,0,1,8,
321,NH,Chapman,Control,2,6/6/2014,2014,167,1,0,0,0,0,0,0,0,0,3,0,14,0,0,17,
324,NH,Chapman,Control,1,6/6/2014,2014,167,1,1,4,0,10,0,0,0,0,5,0,3,0,0,23,
325,NH,Chapman,Control,2,6/6/2014,2014,167,1,0,4,0,10,0,0,0,1,6,0,7,0,0,28,
341,ME,Rachel Carson,Control,2,6/6/2014,2014,167,1,0,65,0,0,0,0,0,0,1,2,5,0,0,73,
344,ME,Rachel Carson,Control,1,6/6/2014,2014,167,1,0,33,0,0,3,0,0,0,12,8,16,0,1,73,
345,ME,Rachel Carson,Control,1,6/6/2014,2014,167,1,1,169,0,1,0,0,0,0,3,5,4,0,0,183,
346,ME,Rachel Carson,Control,2,6/6/2014,2014,167,1,0,250,0,0,0,0,0,0,2,2,4,0,0,258,
300,CT,Barn Island,Control,1,6/10/2014,2014,171,1,3,61,0,2,0,3,0,53,17,2,35,0,0,176,
303,CT,Barn Island,Control,1,6/10/2014,2014,171,1,3,13,0,3,0,2,0,57,49,19,13,0,0,159,
304,CT,Barn Island,Control,3,6/10/2014,2014,171,1,5,23,0,4,1,0,0,23,69,3,8,0,1,137,
305,CT,Barn Island,Control,3,6/10/2014,2014,171,1,8,72,0,0,4,16,0,59,53,0,43,0,0,255,
380,CT,Barn Island,Control,2,6/10/2014,2014,171,1,0,56,0,2,1,12,0,67,67,0,27,0,0,232,
381,CT,Barn Island,Control,2,6/10/2014,2014,171,1,0,14,0,4,1,0,0,17,69,10,5,0,0,120,
306,CT,Hammo,Control,3,6/11/2014,2014,172,1,1,238,0,4,0,0,0,8,24,5,6,0,1,287,
309,RI,Sachuest,Control,3,6/11/2014,2014,172,1,0,52,0,4,3,3,0,95,0,0,16,0,20,193,
312,RI,Sachuest,Control,3,6/11/2014,2014,172,1,0,11,0,3,0,0,0,5,0,1,9,0,0,29,
313,CT,Hammo,Control,3,6/11/2014,2014,172,1,0,83,0,0,0,1,0,2,43,1,2,0,0,132,
334,CT,Hammo,Control,1,6/11/2014,2014,172,1,0,36,0,5,0,0,0,1,22,1,4,0,0,69,
335,CT,Hammo,Control,2,6/11/2014,2014,172,1,0,23,0,4,1,0,0,6,1,0,11,0,0,46,
339,CT,Hammo,Control,1,6/11/2014,2014,172,1,0,138,0,4,2,2,0,2,21,1,10,0,0,180,
340,CT,Hammo,Control,2,6/11/2014,2014,172,1,0,58,0,7,1,0,0,5,11,0,10,0,0,92,
349,RI,Sachuest,Control,1,6/11/2014,2014,172,1,0,12,0,9,1,3,0,20,0,0,65,0,0,110,
350,RI,Sachuest,Control,2,6/11/2014,2014,172,1,0,31,0,12,1,5,0,108,0,0,78,0,2,237,
353,RI,Sachuest,Control,1,6/11/2014,2014,172,1,0,36,0,18,0,18,0,118,0,1,27,0,1,219,
354,RI,Sachuest,Control,2,6/11/2014,2014,172,1,2,22,0,8,2,1,0,52,0,0,34,0,7,128,
316,NJ,Forsythe,Control,3,6/12/2014,2014,173,1,0,164,0,3,0,3,0,1,0,0,2,0,0,173,
317,NJ,Forsythe,Control,3,6/12/2014,2014,173,1,1,366,0,15,0,1,0,2,2,5,7,0,0,399,
328,NJ,Forsythe,Control,1,6/12/2014,2014,173,1,1,148,0,2,1,0,0,5,1,0,5,0,3,166,
333,NJ,Forsythe,Control,1,6/12/2014,2014,173,1,0,123,0,3,7,0,0,0,0,3,8,1,0,145,
357,NJ,Forsythe,Control,2,6/12/2014,2014,173,1,10,157,0,7,0,2,0,2,0,0,5,0,0,183,
358,NJ,Forsythe,Control,2,6/12/2014,2014,173,1,0,190,0,5,0,0,0,0,2,3,7,0,2,209,
1,ME,Asparagus,Control,1,6/27/2014,2014,188,2,0,14,0,0,0,0,0,2,0,0,0,0,0,16,
2,ME,Asparagus,Control,2,6/27/2014,2014,188,2,0,5,0,0,0,4,0,3,0,0,0,0,0,12,
13,ME,Asparagus,Exclosure,2,6/27/2014,2014,188,2,0,5,0,0,1,0,0,0,0,0,0,0,0,6,
35,ME,Bunny,Control,1,6/27/2014,2014,188,2,0,1,0,0,0,0,0,2,1,0,0,0,0,4,
36,ME,Bunny,Control,2,6/27/2014,2014,188,2,0,0,0,0,2,0,0,1,0,0,4,0,0,7,
47,ME,Bunny,Exclosure,1,6/27/2014,2014,188,2,0,1,0,0,0,0,0,0,4,1,3,0,0,9,
48,ME,Bunny,Exclosure,2,6/27/2014,2014,188,2,1,0,0,0,0,0,0,0,0,0,0,0,0,1,
58,ME,Bunny,Exclosure,3,6/27/2014,2014,188,2,0,0,0,0,0,0,0,0,0,0,2,0,0,2,
61,ME,Asparagus,Exclosure,3,6/27/2014,2014,188,2,0,4,0,0,0,1,0,3,0,0,1,0,0,9,
63,ME,Asparagus,Control,3,6/27/2014,2014,188,2,0,17,0,0,1,1,0,4,0,0,1,0,0,24,
66,ME,Bunny,Control,3,6/27/2014,2014,188,2,0,0,0,0,0,0,0,4,0,3,3,0,0,10,
282,ME,Asparagus,Exclosure,1,6/27/2014,2014,188,2,0,2,0,0,0,0,0,3,0,0,1,0,0,6,
62,NH,Chapman,Control,2,6/28/2014,2014,189,2,0,1,0,0,0,0,0,0,0,0,1,0,0,2,
69,NH,Chapman,Control,3,6/28/2014,2014,189,2,0,1,0,0,0,0,0,0,0,0,1,0,0,2,
74,ME,Rachel Carson,Control,3,6/28/2014,2014,189,2,0,0,0,0,2,0,0,0,0,0,2,0,0,4,
77,NH,Chapman,Exclosure,3,6/28/2014,2014,189,2,0,3,0,0,0,0,0,1,0,0,0,0,0,4,
78,NH,Chapman,Exclosure,2,6/28/2014,2014,189,2,0,0,0,0,0,0,0,0,0,0,1,0,0,1,
82,ME,Rachel Carson,Exclosure,3,6/28/2014,2014,189,2,0,0,0,0,1,0,0,0,0,0,0,0,0,1,
150,ME,Rachel Carson,Control,2,6/28/2014,2014,189,2,1,0,0,0,1,0,0,0,1,0,4,0,0,7,
159,ME,Rachel Carson,Control,1,6/28/2014,2014,189,2,1,0,0,0,0,1,0,0,0,0,1,0,0,3,
164,ME,Rachel Carson,Exclosure,1,6/28/2014,2014,189,2,0,0,0,0,0,0,0,0,2,0,0,0,0,2,
165,ME,Rachel Carson,Exclosure,2,6/28/2014,2014,189,2,0,0,0,0,2,0,0,0,0,7,1,0,0,10,
284,NH,Chapman,Control,1,6/28/2014,2014,189,2,0,0,0,0,0,0,0,0,0,0,0,0,0,0,
285,NH,Chapman,Exclosure,1,6/28/2014,2014,189,2,0,0,0,0,0,0,0,0,0,0,0,0,0,0,
29,CT,Barn Island,Exclosure,1,6/30/2014,2014,191,2,1,0,0,0,1,1,0,43,0,0,1,0,0,47,
86,CT,Barn Island,Exclosure,3,6/30/2014,2014,191,2,0,7,0,2,0,1,0,10,2,0,13,0,0,35,
89,RI,Sachuest,Exclosure,3,6/30/2014,2014,191,2,0,0,0,0,0,2,0,20,0,0,7,0,0,29,
90,RI,Sachuest,Control,3,6/30/2014,2014,191,2,0,1,0,0,0,0,0,3,2,0,5,0,0,11,
94,CT,Barn Island,Control,3,6/30/2014,2014,191,2,0,0,0,3,0,3,0,56,0,0,16,0,0,78,
180,RI,Sachuest,Control,1,6/30/2014,2014,191,2,0,1,0,0,1,7,0,42,5,0,25,0,0,81,
181,RI,Sachuest,Control,2,6/30/2014,2014,191,2,0,3,0,1,0,3,0,23,0,0,27,0,0,57,
194,RI,Sachuest,Exclosure,1,6/30/2014,2014,191,2,0,2,0,0,0,3,0,46,0,0,6,0,0,57,
195,RI,Sachuest,Exclosure,2,6/30/2014,2014,191,2,0,0,0,0,1,0,0,66,0,0,36,0,0,103,
262,CT,Barn Island,Control,2,6/30/2014,2014,191,2,0,0,0,0,3,7,0,55,11,0,9,0,0,85,
264,CT,Barn Island,Control,1,6/30/2014,2014,191,2,0,1,0,0,2,2,0,53,0,0,19,0,0,77,
382,CT,Barn Island,Control,2,6/30/2014,2014,191,2,1,0,0,1,0,0,0,30,2,0,4,0,0,38,
91,NJ,Forsythe,Control,1,7/1/2014,2014,192,2,0,7,0,0,0,0,0,0,0,0,0,0,0,7,
96,NJ,Forsythe,Exclosure,3,7/1/2014,2014,192,2,0,21,0,2,0,0,0,0,0,1,1,1,0,26,
104,CT,Hammo,Exclosure,3,7/1/2014,2014,192,2,0,22,0,0,1,0,0,2,8,1,9,0,0,43,
105,NJ,Forsythe,Exclosure,2,7/1/2014,2014,192,2,0,10,0,0,0,0,0,3,0,0,1,0,0,14,
106,CT,Hammo,Control,3,7/1/2014,2014,192,2,0,12,0,0,2,0,0,2,25,1,1,0,0,43,
108,NJ,Forsythe,Control,3,7/1/2014,2014,192,2,0,22,0,0,0,1,0,3,0,0,1,0,0,27,
117,CT,Hammo,Control,1,7/1/2014,2014,192,2,0,5,0,1,0,0,0,3,26,0,1,0,0,36,
118,CT,Hammo,Control,2,7/1/2014,2014,192,2,0,1,0,0,0,0,0,0,19,0,6,0,0,26,
132,CT,Hammo,Exclosure,1,7/1/2014,2014,192,2,0,11,0,0,0,0,0,0,23,0,5,0,0,39,
133,CT,Hammo,Exclosure,2,7/1/2014,2014,192,2,0,13,0,1,0,0,0,1,13,0,7,0,0,35,
278,NJ,Forsythe,Control,2,7/1/2014,2014,192,2,0,2,0,0,0,0,0,3,1,0,1,0,0,7,
279,NJ,Forsythe,Exclosure,1,7/1/2014,2014,192,2,0,4,0,1,0,2,0,1,0,1,1,0,1,11,
3,ME,Asparagus,Control,1,7/30/2014,2014,221,3,1,35,0,12,0,1,0,23,0,5,13,0,0,90,
4,ME,Asparagus,Control,2,7/30/2014,2014,221,3,3,77,0,14,0,4,0,6,1,3,20,0,0,128,
14,ME,Asparagus,Exclosure,1,7/30/2014,2014,221,3,5,48,0,4,0,0,0,3,3,0,9,0,0,72,
15,ME,Asparagus,Exclosure,2,7/30/2014,2014,221,3,1,16,0,1,0,0,0,8,0,2,3,0,0,31,
37,ME,Bunny,Control,1,7/30/2014,2014,221,3,0,67,0,8,2,0,0,5,0,0,7,0,0,89,
38,ME,Bunny,Control,2,7/30/2014,2014,221,3,4,139,0,14,0,0,0,3,0,3,4,0,0,167,
49,ME,Bunny,Exclosure,1,7/30/2014,2014,221,3,0,102,0,5,1,1,0,12,0,4,21,0,0,146,
50,ME,Bunny,Exclosure,2,7/30/2014,2014,221,3,0,157,0,4,1,2,0,3,0,1,7,0,0,175,
110,ME,Bunny,Exclosure,3,7/30/2014,2014,221,3,1,108,0,10,1,0,0,5,4,5,10,0,0,144,
115,ME,Asparagus,Exclosure,3,7/30/2014,2014,221,3,0,27,0,10,0,0,0,20,1,0,18,0,0,76,
121,ME,Asparagus,Control,3,7/30/2014,2014,221,3,1,69,0,7,0,0,0,6,0,2,6,0,0,91,
124,ME,Bunny,Control,3,7/30/2014,2014,221,3,0,73,0,17,0,0,0,0,1,9,7,0,1,108,
64,NH,Chapman,Control,1,7/31/2014,2014,222,3,6,65,0,5,0,0,0,11,1,2,25,0,0,115,
65,NH,Chapman,Control,2,7/31/2014,2014,222,3,8,142,0,4,0,4,0,8,1,6,14,0,0,187,
79,NH,Chapman,Exclosure,1,7/31/2014,2014,222,3,4,81,0,1,0,0,0,2,1,0,5,0,0,94,
80,NH,Chapman,Exclosure,2,7/31/2014,2014,222,3,0,28,0,0,1,0,0,2,0,1,6,0,0,38,
125,NH,Chapman,Control,3,7/31/2014,2014,222,3,1,57,0,0,1,0,0,1,1,1,23,0,0,85,
130,ME,Rachel Carson,Control,3,7/31/2014,2014,222,3,2,85,0,3,0,0,0,0,0,2,0,0,0,92,
131,NH,Chapman,Exclosure,3,7/31/2014,2014,222,3,2,91,0,5,0,0,0,0,0,1,11,0,0,110,
134,ME,Rachel Carson,Exclosure,3,7/31/2014,2014,222,3,3,460,0,1,37,0,0,0,0,0,3,0,2,506,
152,ME,Rachel Carson,Control,2,7/31/2014,2014,222,3,0,190,0,0,1,0,0,2,0,1,10,0,0,204,
157,ME,Rachel Carson,Control,1,7/31/2014,2014,222,3,2,11,0,14,8,1,1,9,0,3,16,0,0,65,
166,ME,Rachel Carson,Exclosure,1,7/31/2014,2014,222,3,0,774,0,11,1,5,21,6,0,30,37,0,0,885,
167,ME,Rachel Carson,Exclosure,2,7/31/2014,2014,222,3,0,345,0,2,0,0,0,1,0,0,1,0,0,349,
24,CT,Barn Island,Control,1,8/4/2014,2014,226,3,0,48,0,3,1,21,0,142,5,0,24,0,0,244,
30,CT,Barn Island,Exclosure,1,8/4/2014,2014,226,3,1,13,0,7,1,2,0,121,5,1,16,0,0,167,
31,CT,Barn Island,Exclosure,2,8/4/2014,2014,226,3,4,10,0,1,2,3,0,50,4,7,13,0,0,94,
135,CT,Barn Island,Control,3,8/4/2014,2014,226,3,0,47,0,7,3,4,0,226,2,0,37,0,0,326,
140,CT,Barn Island,Exclosure,3,8/4/2014,2014,226,3,1,10,0,2,1,1,2,93,8,1,26,0,0,145,
141,RI,Sachuest,Control,3,8/4/2014,2014,226,3,1,16,0,36,6,3,1,78,1,0,43,0,0,185,
147,RI,Sachuest,Exclosure,3,8/4/2014,2014,226,3,0,11,0,20,3,6,0,75,0,0,30,0,0,145,
182,RI,Sachuest,Control,2,8/4/2014,2014,226,3,0,13,0,60,4,6,0,83,0,0,38,0,0,204,
184,RI,Sachuest,Control,1,8/4/2014,2014,226,3,0,7,0,25,1,1,0,40,0,0,36,0,0,110,
197,RI,Sachuest,Exclosure,1,8/4/2014,2014,226,3,0,1,0,25,0,10,0,32,0,0,34,0,0,102,
198,RI,Sachuest,Exclosure,2,8/4/2014,2014,226,3,0,23,0,26,0,29,1,74,0,0,34,0,0,187,
92,NJ,Forsythe,Control,1,8/5/2014,2014,227,3,0,38,0,3,1,2,0,4,0,1,30,0,0,79,
93,NJ,Forsythe,Control,2,8/5/2014,2014,227,3,3,64,0,6,2,2,0,9,0,7,26,0,0,119,
107,NJ,Forsythe,Exclosure,2,8/5/2014,2014,227,3,0,18,0,0,0,5,0,2,2,0,13,1,0,41,
119,CT,Hammo,Control,1,8/5/2014,2014,227,3,2,138,0,24,5,1,0,13,13,0,59,0,0,255,
120,CT,Hammo,Control,2,8/5/2014,2014,227,3,0,214,0,2,1,0,0,14,52,31,48,0,0,362,
122,CT,Hammo,Control,3,8/5/2014,2014,227,3,0,23,0,5,0,22,0,173,8,0,18,0,0,249,
123,CT,Hammo,Exclosure,1,8/5/2014,2014,227,3,1,308,0,29,0,0,0,0,12,2,61,0,0,413,
128,CT,Hammo,Exclosure,2,8/5/2014,2014,227,3,0,196,0,3,0,0,0,0,18,3,37,0,0,257,
129,CT,Hammo,Exclosure,3,8/5/2014,2014,227,3,0,210,0,10,2,0,0,7,25,7,53,0,0,314,
153,NJ,Forsythe,Control,3,8/5/2014,2014,227,3,2,80,0,4,1,0,3,17,6,23,21,0,0,157,
155,NJ,Forsythe,Exclosure,3,8/5/2014,2014,227,3,0,38,0,0,1,3,0,1,0,2,13,0,0,58,
271,NJ,Forsythe,Exclosure,1,8/5/2014,2014,227,3,2,44,0,3,4,0,0,8,0,6,28,0,0,95,
5,ME,Asparagus,Control,1,8/19/2014,2014,241,4,0,2,0,0,0,0,0,5,0,1,3,0,0,11,
6,ME,Asparagus,Control,2,8/19/2014,2014,241,4,1,0,0,1,0,0,0,5,0,1,6,0,0,14,
16,ME,Asparagus,Exclosure,1,8/19/2014,2014,241,4,4,2,1,0,0,0,0,11,0,1,15,0,0,34,
17,ME,Asparagus,Exclosure,2,8/19/2014,2014,241,4,1,0,0,0,0,2,0,11,0,0,11,0,0,25,
39,ME,Bunny,Control,1,8/19/2014,2014,241,4,0,8,0,34,0,0,0,0,2,0,19,0,2,65,
40,ME,Bunny,Control,2,8/19/2014,2014,241,4,0,7,0,15,0,1,0,8,5,3,28,0,0,67,
51,ME,Bunny,Exclosure,1,8/19/2014,2014,241,4,1,49,0,21,0,1,0,7,0,26,23,0,0,128,
52,ME,Bunny,Exclosure,2,8/19/2014,2014,241,4,0,31,0,16,1,0,0,3,0,4,17,0,0,72,
170,ME,Asparagus,Control,3,8/19/2014,2014,241,4,2,3,0,0,1,0,0,30,0,15,28,0,0,79,
175,ME,Asparagus,Exclosure,3,8/19/2014,2014,241,4,6,2,0,0,1,0,0,10,0,2,21,0,0,42,
178,ME,Bunny,Control,3,8/19/2014,2014,241,4,3,12,0,5,0,0,0,1,0,26,35,0,0,82,
183,ME,Bunny,Exclosure,3,8/19/2014,2014,241,4,0,20,0,2,1,0,0,3,6,2,25,0,0,59,
67,NH,Chapman,Control,1,8/20/2014,2014,242,4,1,97,0,156,3,0,0,0,0,0,13,0,0,270,
68,NH,Chapman,Control,2,8/20/2014,2014,242,4,3,216,0,51,10,1,0,6,0,2,58,0,0,347,
81,NH,Chapman,Exclosure,2,8/20/2014,2014,242,4,2,130,0,33,4,0,0,13,0,0,50,0,0,232,
154,ME,Rachel Carson,Control,2,8/20/2014,2014,242,4,0,203,0,11,20,1,0,9,0,4,39,0,0,287,
156,ME,Rachel Carson,Control,1,8/20/2014,2014,242,4,0,374,0,15,2,21,0,24,3,14,48,0,4,505,
168,ME,Rachel Carson,Exclosure,1,8/20/2014,2014,242,4,41,360,0,38,0,0,0,11,0,3,19,0,0,472,
169,ME,Rachel Carson,Exclosure,2,8/20/2014,2014,242,4,63,474,0,10,7,0,0,27,0,51,39,0,0,671,
187,NH,Chapman,Control,3,8/20/2014,2014,242,4,17,91,0,47,2,5,0,10,1,1,57,0,0,231,
193,NH,Chapman,Exclosure,3,8/20/2014,2014,242,4,6,69,0,6,2,3,0,12,0,0,24,0,0,122,
196,ME,Rachel Carson,Exclosure,3,8/20/2014,2014,242,4,2,578,0,48,3,3,0,11,0,2,27,0,0,674,
199,ME,Rachel Carson,Control,3,8/20/2014,2014,242,4,0,290,0,20,0,4,0,31,1,9,33,0,0,388,
283,NH,Chapman,Exclosure,1,8/20/2014,2014,242,4,7,107,0,42,3,2,0,6,0,1,29,0,1,198,
95,NJ,Forsythe,Control,2,8/25/2014,2014,247,4,0,32,0,2,0,2,0,4,1,2,21,0,0,64,
97,NJ,Forsythe,Control,1,8/25/2014,2014,247,4,0,20,0,0,1,3,0,0,6,1,33,0,0,64,may be control 1
109,NJ,Forsythe,Exclosure,2,8/25/2014,2014,247,4,0,11,0,1,4,1,0,6,0,1,25,0,0,49,
202,NJ,Forsythe,Control,3,8/25/2014,2014,247,4,0,12,0,0,0,26,0,19,2,11,15,0,0,85,
205,NJ,Forsythe,Exclosure,3,8/25/2014,2014,247,4,0,22,0,0,1,4,0,6,1,9,21,0,0,64,
272,NJ,Forsythe,Exclosure,1,8/25/2014,2014,247,4,0,13,0,0,0,4,0,4,0,2,7,0,0,30,
25,CT,Barn Island,Control,2,8/26/2014,2014,248,4,0,5,0,15,4,18,0,110,35,0,30,0,0,217,
32,CT,Barn Island,Exclosure,2,8/26/2014,2014,248,4,1,0,0,0,1,1,0,28,11,6,9,0,0,57,
136,CT,Hammo,Control,1,8/26/2014,2014,248,4,0,15,0,0,0,0,1,2,0,4,21,0,0,43,
137,CT,Hammo,Control,2,8/26/2014,2014,248,4,0,84,0,1,0,4,0,1,0,10,26,0,0,126,
138,CT,Hammo,Exclosure,1,8/26/2014,2014,248,4,0,36,0,0,2,0,0,1,3,4,20,0,0,66,
139,CT,Hammo,Exclosure,2,8/26/2014,2014,248,4,0,32,0,0,2,0,1,2,18,12,50,0,0,117,
145,CT,Hammo,Control,3,8/26/2014,2014,248,4,0,51,0,2,0,0,0,3,2,11,38,0,0,107,
146,CT,Hammo,Exclosure,3,8/26/2014,2014,248,4,0,33,0,3,3,1,0,4,26,7,36,0,0,113,
209,CT,Barn Island,Control,3,8/26/2014,2014,248,4,0,10,0,5,4,3,0,119,68,0,26,0,0,235,
211,CT,Barn Island,Exclosure,3,8/26/2014,2014,248,4,0,8,0,8,4,12,0,61,3,29,9,0,0,134,
263,CT,Barn Island,Control,1,8/26/2014,2014,248,4,0,15,0,14,2,12,0,250,26,8,41,0,0,368,
185,RI,Sachuest,Control,1,8/27/2014,2014,249,4,0,3,0,1,0,0,0,26,0,0,22,0,0,52,
186,RI,Sachuest,Control,2,8/27/2014,2014,249,4,0,2,0,6,6,1,0,28,0,0,18,1,0,62,
200,RI,Sachuest,Exclosure,1,8/27/2014,2014,249,4,0,12,0,27,0,6,0,14,0,0,16,0,0,75,
201,RI,Sachuest,Exclosure,2,8/27/2014,2014,249,4,0,19,0,6,0,4,0,10,0,0,15,0,0,54,
214,RI,Sachuest,Control,3,8/27/2014,2014,249,4,0,2,0,12,3,1,0,73,1,0,30,0,0,122,
216,RI,Sachuest,Exclosure,3,8/27/2014,2014,249,4,0,9,0,55,0,3,0,7,0,0,27,0,0,101,
310,ME,Bunny,Control,1,5/18/2015,2015,148,1,0,0,0,0,1,1,0,0,1,0,3,0,0,6,
311,ME,Bunny,Control,2,5/18/2015,2015,148,1,0,2,0,0,0,0,0,0,20,3,22,0,0,47,
318,ME,Bunny,Control,1,5/18/2015,2015,148,1,0,0,0,0,0,0,0,0,4,0,3,0,0,7,
319,ME,Bunny,Control,2,5/18/2015,2015,148,1,0,0,0,0,0,1,0,0,3,0,2,0,0,6,
359,ME,Bunny,Control,3,5/18/2015,2015,148,1,0,0,0,0,0,0,0,0,0,0,1,0,0,1,
360,ME,Bunny,Control,3,5/18/2015,2015,148,1,0,4,0,0,0,2,0,0,0,0,3,0,0,9,
322,NH,Chapman,Control,1,5/21/2015,2015,151,1,0,25,0,1,0,4,0,0,1,0,6,0,0,37,
323,NH,Chapman,Control,2,5/21/2015,2015,151,1,0,60,0,0,0,1,0,1,3,0,5,0,0,70,
326,NH,Chapman,Control,1,5/21/2015,2015,151,1,0,19,0,1,0,0,0,0,1,1,13,0,0,35,
327,NH,Chapman,Control,2,5/21/2015,2015,151,1,0,20,0,3,0,2,0,7,14,1,13,0,1,61,
361,NH,Chapman,Control,3,5/21/2015,2015,151,1,0,37,0,0,0,0,0,0,8,0,3,0,0,48,
362,NH,Chapman,Control,3,5/21/2015,2015,151,1,0,3,0,0,1,0,0,0,0,1,5,0,0,10,
342,ME,Rachel Carson,Control,1,5/22/2015,2015,152,1,0,217,0,2,1,0,0,0,0,8,31,0,0,259,
343,ME,Rachel Carson,Control,2,5/22/2015,2015,152,1,1,206,0,0,1,1,0,2,0,6,11,0,0,228,
347,ME,Rachel Carson,Control,1,5/22/2015,2015,152,1,0,150,0,1,5,4,1,0,1,20,18,0,0,200,
348,ME,Rachel Carson,Control,2,5/22/2015,2015,152,1,0,175,0,0,0,14,0,2,0,8,33,0,0,232,
363,ME,Rachel Carson,Control,3,5/22/2015,2015,152,1,1,209,0,0,0,0,0,1,0,0,11,0,0,222,
364,ME,Rachel Carson,Control,3,5/22/2015,2015,152,1,0,219,0,0,0,0,0,1,0,0,13,0,0,233,
289,ME,Asparagus,Control,1,5/27/2015,2015,157,1,0,2,0,1,1,1,0,3,0,2,3,0,0,13,
290,ME,Asparagus,Control,2,5/27/2015,2015,157,1,0,4,0,0,0,0,0,0,0,1,2,0,0,7,
296,NH,Asparagus,Control,1,5/27/2015,2015,157,1,0,1,0,1,0,0,0,0,0,0,1,0,0,3,
297,ME,Asparagus,Control,2,5/27/2015,2015,157,1,0,1,0,0,0,1,0,3,1,2,2,0,0,10,
365,ME,Asparagus,Control,3,5/27/2015,2015,157,1,0,2,0,0,0,1,0,3,0,0,6,0,0,12,
366,ME,Asparagus,Control,3,5/27/2015,2015,157,1,0,0,0,0,0,4,0,2,0,0,4,0,0,10,
336,CT,Hammo,Control,1,6/3/2015,2015,164,1,0,10,0,3,0,0,0,0,142,3,2,0,0,160,
337,CT,Hammo,Control,2,6/3/2015,2015,164,1,0,8,0,1,0,0,0,0,90,13,3,0,0,115,
338,CT,Hammo,Control,2,6/3/2015,2015,164,1,0,2,0,14,1,0,0,7,124,2,1,0,0,151,
367,CT,Hammo,Control,3,6/3/2015,2015,164,1,0,3,0,2,0,1,0,0,124,8,0,0,0,138,
368,CT,Hammo,Control,3,6/3/2015,2015,164,1,0,0,0,7,0,1,0,1,83,0,0,0,0,92,
375,CT,Hammo,Control,1,6/3/2015,2015,164,1,0,49,0,27,0,0,0,4,116,0,2,0,0,198,
369,CT,Barn Island,Control,3,6/4/2015,2015,165,1,1,38,0,11,1,17,0,104,89,6,11,0,1,279,
370,CT,Barn Island,Control,3,6/4/2015,2015,165,1,2,15,0,26,1,6,0,45,7,30,3,0,0,135,
376,CT,Barn Island,Control,1,6/4/2015,2015,165,1,0,16,0,21,0,5,0,55,4,0,1,0,0,102,
377,CT,Barn Island,Control,2,6/4/2015,2015,165,1,0,52,0,27,0,11,0,67,62,4,12,0,0,235,
378,CT,Barn Island,Control,1,6/4/2015,2015,165,1,0,12,0,10,0,0,0,70,66,30,11,0,0,199,
379,CT,Barn Island,Control,2,6/4/2015,2015,165,1,1,12,0,12,1,2,0,59,108,32,2,0,0,229,
351,RI,Sachuest,Control,1,6/5/2015,2015,166,1,0,0,0,22,0,0,0,12,0,0,14,0,0,48,
352,RI,Sachuest,Control,2,6/5/2015,2015,166,1,0,2,0,19,0,0,0,12,0,0,8,0,0,41,
355,RI,Sachuest,Control,1,6/5/2015,2015,166,1,0,1,0,10,0,1,0,0,0,0,1,0,0,13,
356,RI,Sachuest,Control,2,6/5/2015,2015,166,1,0,9,0,47,1,5,0,5,0,0,5,0,0,72,
371,RI,Sachuest,Control,3,6/5/2015,2015,166,1,0,5,0,42,0,3,0,21,0,0,19,0,0,90,
372,RI,Sachuest,Control,3,6/5/2015,2015,166,1,0,2,0,25,0,0,0,0,0,0,12,0,0,39,
329,NJ,Forsythe,Control,1,6/10/2015,2015,171,1,0,109,0,27,1,1,0,2,1,1,6,0,0,148,
330,NJ,Forsythe,Control,2,6/10/2015,2015,171,1,12,68,0,13,0,1,0,4,1,11,9,0,0,119,
331,NJ,Forsythe,Control,1,6/10/2015,2015,171,1,0,46,0,19,2,1,0,0,0,0,1,0,0,69,
332,NJ,Forsythe,Control,2,6/10/2015,2015,171,1,0,92,0,13,1,4,0,5,0,4,1,0,0,120,
373,NJ,Forsythe,Control,3,6/10/2015,2015,171,1,0,53,0,6,0,0,0,0,0,3,3,1,0,66,
374,NJ,Forsythe,Control,3,6/10/2015,2015,171,1,10,30,0,9,0,0,0,0,0,6,5,1,0,61,
53,NH,Chapman,Exclosure,3,6/24/2015,2015,185,2,12,204,0,4,2,0,0,57,0,0,45,0,0,324,
70,NH,Chapman,Control,1,6/24/2015,2015,185,2,27,108,0,1,0,0,0,25,34,0,38,0,0,233,
71,NH,Chapman,Control,2,6/24/2015,2015,185,2,48,127,0,4,0,2,0,37,0,0,43,0,0,261,
83,NH,Chapman,Exclosure,2,6/24/2015,2015,185,2,50,222,0,2,1,0,0,115,0,0,72,0,0,462,
151,ME,Rachel Carson,Control,1,6/24/2015,2015,185,2,0,155,0,36,0,3,1,7,1,0,28,0,0,231,
158,ME,Rachel Carson,Control,2,6/24/2015,2015,185,2,0,116,0,25,0,7,0,22,1,1,17,0,0,189,
171,ME,Rachel Carson,Exclosure,1,6/24/2015,2015,185,2,28,34,0,72,67,7,0,7,0,1,14,0,0,230,
172,ME,Rachel Carson,Exclosure,2,6/24/2015,2015,185,2,15,122,0,17,0,9,0,14,0,5,28,0,0,210,
215,NH,Chapman,Exclosure,1,6/24/2015,2015,185,2,7,234,0,1,0,1,0,34,2,0,81,0,0,360,
217,NH,Chapman,Control,3,6/24/2015,2015,185,2,14,132,0,0,0,0,0,49,0,0,6,0,0,201,
223,ME,Rachel Carson,Control,3,6/24/2015,2015,185,2,0,107,0,53,0,0,0,9,1,1,24,0,0,195,
224,ME,Rachel Carson,Exclosure,3,6/24/2015,2015,185,2,2,50,0,28,1,0,0,18,0,3,24,0,0,126,
7,ME,Asparagus,Control,1,6/25/2015,2015,186,2,0,22,0,2,0,2,0,12,2,0,6,0,0,46,
8,ME,Asparagus,Control,2,6/25/2015,2015,186,2,0,26,0,1,1,0,0,27,0,0,3,0,0,58,
18,ME,Asparagus,Exclosure,1,6/25/2015,2015,186,2,0,4,0,0,0,1,0,24,0,0,2,0,0,31,
19,ME,Asparagus,Exclosure,2,6/25/2015,2015,186,2,0,12,0,0,0,4,0,7,0,0,0,0,0,23,
41,ME,Bunny,Control,1,6/25/2015,2015,186,2,2,11,0,52,0,1,0,2,0,0,6,0,0,74,
42,ME,Bunny,Control,2,6/25/2015,2015,186,2,4,8,0,0,0,0,0,0,0,0,6,0,0,18,
54,ME,Bunny,Exclosure,1,6/25/2015,2015,186,2,7,16,0,104,2,4,0,3,0,0,6,0,0,142,
55,ME,Bunny,Exclosure,2,6/25/2015,2015,186,2,4,26,0,25,0,0,0,1,1,0,5,0,0,62,
218,ME,Asparagus,Control,3,6/25/2015,2015,186,2,0,4,0,0,0,0,0,21,0,0,4,0,0,29,
219,ME,Asparagus,Exclosure,3,6/25/2015,2015,186,2,0,34,0,3,0,0,0,113,0,0,7,0,1,158,
220,ME,Bunny,Control,3,6/25/2015,2015,186,2,5,12,0,3,0,0,0,0,0,0,12,0,1,33,
221,ME,Bunny,Exclosure,3,6/25/2015,2015,186,2,4,14,0,3,0,1,0,0,0,0,5,0,0,27,
179,RI,Sachuest,Control,1,6/29/2015,2015,190,2,0,39,0,35,0,1,0,4,0,0,36,2,0,117,
188,RI,Sachuest,Control,2,6/29/2015,2015,190,2,0,21,0,17,0,3,0,8,0,0,34,0,0,83,
203,RI,Sachuest,Exclosure,1,6/29/2015,2015,190,2,0,27,0,24,0,0,0,42,0,1,25,0,0,119,
204,RI,Sachuest,Exclosure,2,6/29/2015,2015,190,2,0,30,0,23,1,4,0,19,0,0,18,0,0,95,
222,RI,Sachuest,Exclosure,3,6/29/2015,2015,190,2,1,21,0,21,0,0,0,27,1,0,42,1,1,115,
225,RI,Sachuest,Control,3,6/29/2015,2015,190,2,0,32,0,20,2,0,0,17,0,0,19,2,1,93,
226,CT,Barn Island,Exclosure,3,6/29/2015,2015,190,2,0,98,0,75,18,10,0,309,43,7,67,0,0,627,
227,CT,Barn Island,Control,3,6/29/2015,2015,190,2,3,39,0,30,1,5,0,181,57,8,47,0,2,373,
248,CT,Barn Island,Exclosure,2,6/29/2015,2015,190,2,0,28,0,19,0,2,0,207,22,8,46,0,0,332,
254,CT,Barn Island,Exclosure,1,6/29/2015,2015,190,2,1,18,0,20,0,2,0,156,1,26,30,0,2,256,
256,CT,Barn Island,Control,1,6/29/2015,2015,190,2,0,34,0,32,4,16,0,211,63,2,25,0,1,388,
257,CT,Barn Island,Control,2,6/29/2015,2015,190,2,3,78,0,71,7,0,0,229,46,3,71,0,0,508,
98,NJ,Forsythe,Control,1,6/30/2015,2015,191,2,20,198,0,44,0,2,0,3,0,7,19,0,0,293,
99,NJ,Forsythe,Control,2,6/30/2015,2015,191,2,8,84,0,17,0,2,0,15,2,9,20,0,0,157,
111,NJ,Forsythe,Exclosure,1,6/30/2015,2015,191,2,1,72,0,23,0,1,0,1,0,3,25,0,0,126,
112,NJ,Forsythe,Exclosure,2,6/30/2015,2015,191,2,1,165,0,11,0,2,0,1,0,0,9,0,0,189,
116,CT,Hammo,Control,1,6/30/2015,2015,191,2,29,77,0,11,0,0,0,4,16,0,34,0,0,171,
142,CT,Hammo,Control,2,6/30/2015,2015,191,2,66,98,0,4,3,0,0,18,30,2,6,0,0,227,
228,CT,Hammo,Control,3,6/30/2015,2015,191,2,17,49,0,10,0,0,0,5,6,28,0,0,0,115,
229,CT,Hammo,Exclosure,3,6/30/2015,2015,191,2,2,52,0,72,2,2,0,42,74,0,13,2,0,261,
230,NJ,Forsythe,Exclosure,3,6/30/2015,2015,191,2,8,80,0,11,2,0,0,0,0,3,5,0,0,109,
231,NJ,Forsythe,Control,3,6/30/2015,2015,191,2,5,205,0,14,2,1,0,0,0,0,7,0,0,234,
241,CT,Hammo,Exclosure,1,6/30/2015,2015,191,2,10,34,0,18,2,14,0,19,18,0,20,0,0,135,
245,CT,Hammo,Exclosure,2,6/30/2015,2015,191,2,0,37,0,5,1,0,0,24,33,6,28,0,2,136,
72,NH,Chapman,Control,1,7/21/2015,2015,212,3,0,530,0,5,1,1,0,17,0,1,38,0,0,593,
73,NH,Chapman,Control,2,7/21/2015,2015,212,3,20,326,0,1,0,1,0,24,0,0,27,0,0,399,
84,NH,Chapman,Exclosure,1,7/21/2015,2015,212,3,44,282,0,2,3,1,0,38,0,1,49,0,0,420,
85,NH,Chapman,Exclosure,2,7/21/2015,2015,212,3,1,221,0,2,1,1,0,80,0,2,97,0,0,405,
149,ME,Rachel Carson,Control,1,7/21/2015,2015,212,3,85,2990,0,16,1,16,0,34,0,44,58,0,0,3244,
160,ME,Rachel Carson,Control,2,7/21/2015,2015,212,3,0,1870,0,8,0,0,17,28,0,54,39,0,0,2016,
173,ME,Rachel Carson,Exclosure,1,7/21/2015,2015,212,3,27,925,0,18,1,0,0,28,0,25,67,0,0,1091,
174,ME,Rachel Carson,Exclosure,2,7/21/2015,2015,212,3,103,755,0,43,1,0,0,27,0,29,137,0,0,1095,
232,NH,Chapman,Control,3,7/21/2015,2015,212,3,1,904,0,2,0,4,0,21,0,2,40,0,0,974,
233,NH,Chapman,Exclosure,3,7/21/2015,2015,212,3,22,372,0,4,2,0,0,18,0,3,26,0,0,447,
234,ME,Rachel Carson,Exclosure,3,7/21/2015,2015,212,3,67,581,0,7,1,6,0,23,0,11,49,0,0,745,
235,ME,Rachel Carson,Control,3,7/21/2015,2015,212,3,3,1964,0,16,1,10,14,44,0,47,55,0,0,2154,
9,ME,Asparagus,Control,1,7/22/2015,2015,213,3,0,51,0,2,0,0,0,6,0,0,18,0,0,77,
10,ME,Asparagus,Control,2,7/22/2015,2015,213,3,0,67,0,10,0,0,1,50,0,0,23,0,0,151,
20,ME,Asparagus,Exclosure,1,7/22/2015,2015,213,3,0,60,0,10,1,0,0,42,0,2,27,0,0,142,
21,ME,Asparagus,Exclosure,2,7/22/2015,2015,213,3,0,37,0,6,0,0,0,29,0,0,4,0,0,76,
43,ME,Bunny,Control,1,7/22/2015,2015,213,3,14,149,0,2,0,0,0,2,0,0,8,0,0,175,
44,ME,Bunny,Control,2,7/22/2015,2015,213,3,0,61,0,3,1,0,0,3,0,0,48,0,0,116,
56,ME,Bunny,Exclosure,1,7/22/2015,2015,213,3,1,97,0,4,0,0,0,13,0,0,38,0,0,153,
57,ME,Bunny,Exclosure,2,7/22/2015,2015,213,3,0,187,0,1,0,2,0,0,0,0,21,0,0,211,
236,ME,Asparagus,Control,3,7/22/2015,2015,213,3,0,31,0,13,0,0,0,34,0,0,27,0,0,105,
237,ME,Asparagus,Exclosure,3,7/22/2015,2015,213,3,2,102,0,27,3,0,1,82,0,3,25,0,0,245,
238,ME,Bunny,Control,3,7/22/2015,2015,213,3,1,167,0,5,0,0,0,2,0,0,14,0,0,189,
239,ME,Bunny,Exclosure,3,7/22/2015,2015,213,3,0,298,0,6,0,2,0,5,2,0,41,0,0,354,
28,CT,Barn Island,Control,1,7/28/2015,2015,219,3,0,146,0,8,0,16,0,349,81,0,41,0,0,641,possibly the 7/28/15 control 1 missing
189,RI,Sachuest,Control,1,7/28/2015,2015,219,3,0,21,0,1,0,0,0,15,0,0,29,1,1,68,
190,RI,Sachuest,Control,2,7/28/2015,2015,219,3,0,24,0,10,0,0,0,19,4,0,52,2,1,112,
206,RI,Sachuest,Exclosure,1,7/28/2015,2015,219,3,0,26,0,23,1,3,0,22,1,0,24,0,0,100,
207,RI,Sachuest,Exclosure,2,7/28/2015,2015,219,3,2,18,0,9,0,0,0,43,0,0,39,0,0,111,
240,RI,Sachuest,Exclosure,3,7/28/2015,2015,219,3,2,35,0,14,0,1,0,45,0,0,25,0,1,123,
242,RI,Sachuest,Control,3,7/28/2015,2015,219,3,0,20,0,5,0,0,0,31,0,0,18,1,0,75,
243,CT,Barn Island,Control,3,7/28/2015,2015,219,3,2,39,0,1,0,4,0,226,12,7,35,0,0,326,
244,CT,Barn Island,Exclosure,3,7/28/2015,2015,219,3,0,51,0,7,0,10,0,321,18,15,40,0,0,462,
249,CT,Barn Island,Control,2,7/28/2015,2015,219,3,1,62,0,5,0,21,0,275,47,4,35,0,0,450,
250,CT,Barn Island,Exclosure,1,7/28/2015,2015,219,3,0,18,0,0,0,1,0,234,6,63,20,0,0,342,
258,CT,Barn Island,Exclosure,2,7/28/2015,2015,219,3,1,51,0,11,7,5,0,324,5,25,72,0,0,501,
100,NJ,Forsythe,Control,1,7/29/2015,2015,220,3,28,17,0,3,0,6,0,0,0,3,17,0,0,74,
101,NJ,Forsythe,Control,2,7/29/2015,2015,220,3,75,37,0,3,0,0,0,4,0,19,29,0,0,167,
126,CT,Hammo,Control,1,7/29/2015,2015,220,3,33,65,0,11,4,4,0,11,25,25,31,0,0,209,
127,CT,Hammo,Control,2,7/29/2015,2015,220,3,1,95,0,5,5,2,5,15,25,0,23,0,0,176,
143,CT,Hammo,Exclosure,1,7/29/2015,2015,220,3,26,65,0,21,5,1,0,30,90,0,32,0,1,271,
144,CT,Hammo,Exclosure,2,7/29/2015,2015,220,3,24,57,0,1,0,0,0,38,119,18,27,0,0,284,
246,CT,Hammo,Exclosure,3,7/29/2015,2015,220,3,0,9,0,4,0,1,0,5,120,0,7,0,0,146,
247,CT,Hammo,Control,3,7/29/2015,2015,220,3,1,50,0,2,1,0,0,14,85,12,7,0,0,172,
251,NJ,Forsythe,Control,3,7/29/2015,2015,220,3,9,9,0,2,0,1,0,0,0,1,4,0,0,26,
252,NJ,Forsythe,Exclosure,3,7/29/2015,2015,220,3,1,21,0,1,0,1,0,11,0,3,13,0,0,51,
276,NJ,Forsythe,Exclosure,1,7/29/2015,2015,220,3,78,62,0,4,2,10,0,7,1,17,11,0,0,192,
277,NJ,Forsythe,Exclosure,2,7/29/2015,2015,220,3,75,40,0,6,2,0,0,2,0,4,16,0,0,145,
26,CT,Barn Island,Control,2,8/24/2015,2015,246,4,0,107,0,4,2,2,0,23,6,3,17,0,0,164,42240
27,CT,Barn Island,Control,1,8/24/2015,2015,246,4,0,94,0,35,1,48,0,328,33,53,80,0,0,672,
33,CT,Barn Island,Exclosure,1,8/24/2015,2015,246,4,0,44,0,1,0,1,0,20,3,0,9,0,0,78,
34,CT,Barn Island,Exclosure,2,8/24/2015,2015,246,4,0,82,0,47,2,20,0,195,14,2,81,0,0,443,
191,RI,Sachuest,Control,1,8/24/2015,2015,246,4,0,32,0,4,2,14,0,46,0,0,72,12,0,182,
192,RI,Sachuest,Control,2,8/24/2015,2015,246,4,0,47,0,7,2,2,0,50,0,0,90,3,0,201,
208,RI,Sachuest,Exclosure,1,8/24/2015,2015,246,4,0,83,0,21,7,15,0,19,0,0,46,0,3,194,
210,RI,Sachuest,Exclosure,2,8/24/2015,2015,246,4,2,34,0,17,3,1,0,9,0,0,42,5,0,113,
253,CT,Barn Island,Control,3,8/24/2015,2015,246,4,0,7,0,2,1,0,0,2,0,1,4,0,0,17,42240
260,CT,Barn Island,Exclosure,3,8/24/2015,2015,246,4,0,13,0,5,0,11,0,244,6,9,33,0,0,321,
261,RI,Sachuest,Control,3,8/24/2015,2015,246,4,0,78,0,3,0,0,0,38,1,0,56,2,0,178,
265,RI,Sachuest,Exclosure,3,8/24/2015,2015,246,4,0,75,0,5,4,1,0,24,0,0,35,2,0,146,
161,CT,Hammo,Control,1,8/25/2015,2015,247,4,2,67,0,0,1,1,1,1,4,8,6,0,0,91,
163,CT,Hammo,Control,2,8/25/2015,2015,247,4,0,78,0,0,2,0,3,5,36,13,20,0,0,157,
212,CT,Hammo,Exclosure,1,8/25/2015,2015,247,4,0,120,0,2,3,0,0,6,25,18,19,0,0,193,
213,CT,Hammo,Exclosure,2,8/25/2015,2015,247,4,0,148,0,5,4,3,0,17,33,12,27,0,0,249,
255,CT,Hammo,Control,3,8/25/2015,2015,247,4,0,82,0,1,2,3,1,4,7,13,18,0,0,131,
259,CT,Hammo,Exclosure,3,8/25/2015,2015,247,4,0,135,0,2,1,0,0,13,47,8,22,0,0,228,
102,NJ,Forsythe,Control,1,8/26/2015,2015,248,4,0,114,1,1,1,5,0,1,0,4,9,0,0,136,
103,NJ,Forsythe,Control,2,8/26/2015,2015,248,4,0,209,0,0,1,5,0,2,0,24,16,0,0,257,
113,NJ,Forsythe,Exclosure,1,8/26/2015,2015,248,4,1,48,0,3,0,3,0,5,0,4,8,0,0,72,
114,NJ,Forsythe,Exclosure,2,8/26/2015,2015,248,4,1,67,0,2,0,5,0,4,0,9,23,0,0,111,
266,NJ,Forsythe,Control,3,8/26/2015,2015,248,4,21,140,0,3,0,2,0,3,0,2,36,0,0,207,
267,NJ,Forsythe,Exclosure,3,8/26/2015,2015,248,4,1,65,0,1,5,3,0,1,0,3,14,0,0,93,
75,NH,Chapman,Control,1,8/27/2015,2015,249,4,1,134,0,1,1,0,0,10,0,4,29,0,0,180,
76,NH,Chapman,Control,2,8/27/2015,2015,249,4,0,111,0,5,3,0,0,22,0,15,32,0,0,188,
87,NH,Chapman,Exclosure,1,8/27/2015,2015,249,4,0,111,0,4,3,10,0,24,2,4,47,0,0,205,
88,NH,Chapman,Exclosure,2,8/27/2015,2015,249,4,0,115,0,2,2,0,0,9,2,3,40,0,0,173,
268,NH,Chapman,Control,3,8/27/2015,2015,249,4,0,40,0,2,2,0,0,9,2,2,20,0,0,77,
269,NH,Chapman,Exclosure,3,8/27/2015,2015,249,4,0,133,0,9,1,0,0,18,0,0,37,0,0,198,
148,ME,Rachel Carson,Control,1,8/31/2015,2015,253,4,0,58,0,3,1,0,0,7,0,2,19,0,0,90,
162,ME,Rachel Carson,Control,2,8/31/2015,2015,253,4,0,82,0,1,0,1,0,31,1,29,19,0,0,164,
176,ME,Rachel Carson,Exclosure,1,8/31/2015,2015,253,4,0,43,0,3,3,8,0,8,0,4,19,0,0,88,
177,ME,Rachel Carson,Exclosure,2,8/31/2015,2015,253,4,0,45,0,2,0,0,0,26,0,11,34,0,0,118,
270,ME,Rachel Carson,Exclosure,3,8/31/2015,2015,253,4,0,246,0,15,1,24,1,46,0,27,117,0,0,477,
273,ME,Rachel Carson,Control,3,8/31/2015,2015,253,4,0,26,0,1,1,0,0,2,0,0,12,0,0,42,
11,ME,Asparagus,Control,1,9/4/2015,2015,257,4,0,2,0,1,0,0,0,5,0,0,2,0,0,10,
12,ME,Asparagus,Control,2,9/4/2015,2015,257,4,0,0,0,0,0,0,0,2,0,0,3,0,0,5,
22,ME,Asparagus,Exclosure,1,9/4/2015,2015,257,4,0,4,0,1,0,0,0,4,0,1,7,0,0,17,
23,ME,Asparagus,Exclosure,2,9/4/2015,2015,257,4,0,9,0,0,0,1,0,10,0,0,3,0,0,23,
45,ME,Bunny,Control,1,9/4/2015,2015,257,4,0,70,0,3,0,1,0,4,0,1,29,0,0,108,
46,ME,Bunny,Control,2,9/4/2015,2015,257,4,0,104,0,4,0,0,0,2,0,1,34,0,0,145,
59,ME,Bunny,Exclosure,1,9/4/2015,2015,257,4,1,37,0,2,0,0,0,0,0,0,11,0,0,51,
60,ME,Bunny,Exclosure,2,9/4/2015,2015,257,4,0,226,0,3,0,0,0,4,0,1,42,0,0,276,
274,ME,Asparagus,Exclosure,3,9/4/2015,2015,257,4,0,1,0,1,0,0,0,4,0,0,4,0,0,10,
275,ME,Bunny,Control,3,9/4/2015,2015,257,4,0,59,0,3,0,6,0,5,0,16,44,0,0,133,
280,ME,Bunny,Exclosure,3,9/4/2015,2015,257,4,0,138,0,3,0,3,0,1,0,0,24,0,0,169,
281,ME,Asparagus,Control,3,9/4/2015,2015,257,4,0,1,0,0,0,1,0,2,0,1,3,0,0,8,
